FileName,FileType
2023 Forecast_Simple.xlsx,application/vnd.openxmlformats-officedocument.spreadsheetml.sheet
2023 Forecast_Simple.xlsx,application/vnd.openxmlformats-officedocument.spreadsheetml.sheet
2023 Forecast_Simple (1).xlsx,application/vnd.openxmlformats-officedocument.spreadsheetml.sheet
input.json,application/json
output.json,application/json
Account Access Form_Osegueda, Kyana.PTM_SPS.241.pdf.url,application/pdf
Scan_Kristen Fricke_202303220748.PTM_SPS.88.pdf.url,application/pdf
IMG_0498.PTM_SPS.2188.jpeg.url,image/jpeg
CredentialCheck Pricing for EHRN (003).PTM_SPS.754.pdf.url,application/pdf
Random pool Set up Exodus Place.pdf,application/pdf
Remove users_credCheck.PTM_SPS.1296.pdf.url,application/pdf
Account Access Change Bailey Beckwith.PTM_SPS.251.pdf.url,application/pdf
Account Access Form_2023_Civic Works 2.21.24.PTM_SPS.428.pdf.url,application/pdf
Account Access Form 2023 RF.PTM_SPS.312.pdf.url,application/pdf
image.PTM_SPS.595.pdf.url,application/pdf
seracct@harrisranch.com_20240508_093759.PTM_SPS.321.pdf.url,application/pdf
Credential Check Account Access Form.PTM_SPS.363.pdf.url,application/pdf
20231128134400908.PTM_SPS.485.pdf.url,application/pdf
viviana calahan.PTM_SPS.168.pdf.url,application/pdf
Scanned_from_a_Lexmark_Multifunction_Product06-13-2024-102249.PTM_SPS.481.pdf.url,application/pdf
CredentialCheck Proposal of Services IWCO.PTM_SPS.205.pdf.url,application/pdf
Please_DocuSign_CredentialCheck_Proposal_of_ (98).PTM_SPS.1147.pdf.url,application/pdf
Account Access Form 2023.PTM_SPS.249.pdf.url,application/pdf
Casey Long form.PTM_SPS.106.pdf.url,application/pdf
SKM_C45823102608580.PTM_SPS.124.pdf.url,application/pdf
Account Access Form.PTM_SPS.387.pdf.url,application/pdf
BC Signed.PTM_SPS.642.pdf.url,application/pdf
CredentialCheck Proposal of Services - Michelin PRIME.PTM_SPS.240.pptx.url,application/vnd.openxmlformats-officedocument.presentationml.presentation
Credential check (1).PTM_SPS.419.pdf.url,application/pdf
Credential Check.PTM_SPS.111.pdf.url,application/pdf
Account Access Form_2023_BLANK-signed.PTM_SPS.196.pdf.url,application/pdf
CredentialCheck Proposal of Service - Lawrence Plastics.PTM_SPS.1145.pdf.url,application/pdf
Spartanburg Authorized User Request.PTM_SPS.255.pdf.url,application/pdf
Orton Oil Copier_20240517_121322.PTM_SPS.347.pdf.url,application/pdf
Taco Bell Corporate_CCC_CRCK_JobApp_NewLocation_20240911.PTM_SPS.89.xls.url,application/vnd.ms-excel
Naties Changes C.C 2.PTM_SPS.288.pdf.url,application/pdf
Account Access Form_2023_BLANK.PTM_SPS.497.pdf.url,application/pdf
International Union, United Auto Workers Proposal.PTM_SPS.721.pdf.url,application/pdf
Docusign_-_Please_review.PTM_SPS.1134.pdf.url,application/pdf
Credential Check - Authorization 3.22.2024.PTM_SPS.49.pdf.url,application/pdf
Authorized User Access - Credential Check New User Set-up 5.11.23.PTM_SPS.266.pdf.url,application/pdf
credentail check user request_0001.PTM_SPS.488.pdf.url,application/pdf
Scanned from a Xerox Multifunction Printer.PTM_SPS.32.pdf.url,application/pdf
Credential Check Account Access Form 1.PTM_SPS.380.pdf.url,application/pdf
Administrative Change Request_11-17-2023_Credential-Check_CBS-Boring.PTM_SPS.156.pdf.url,application/pdf
Account Access Form 3.28.2024.PTM_SPS.356.pdf.url,application/pdf
CredentialCheck Proposal of Service - Member's First Credit Union.PTM_SPS.749.pdf.url,application/pdf
doc01375220240112112006.PTM_SPS.104.pdf.url,application/pdf
Sonya Franklin Access.PTM_SPS.289.pdf.url,application/pdf
doc09393220230426091804.PTM_SPS.98.pdf.url,application/pdf
Account Access Form_2023_Credential Check_ TalentBurst.PTM_SPS.404.pdf.url,application/pdf
Account Access Form_2024_BLANK.PTM_SPS.390.pdf.url,application/pdf
Credential Account Access Form 8-25-23_REVISED.PTM_SPS.280.pdf.url,application/pdf
credental acct access for Paula to IV.PTM_SPS.64.pdf.url,application/pdf
20230210085617422.PTM_SPS.80.pdf.url,application/pdf
CMS form signed.PTM_SPS.449.pdf.url,application/pdf
Best Ever Banana Cake With Cream Cheese Frosting Recipe - Food.PTM_SPS.357.pdf.url,application/pdf
20231012152429174.PTM_SPS.198.pdf.url,application/pdf
New Account Access Form 2023.PTM_SPS.256.pdf.url,application/pdf
Reston, VA 20190.PTM_SPS.380.pdf.url,application/pdf
CRCK_17295_CQSolutions_Inc_dbaCQS (1).pdf,application/pdf
Account Access MBM, Co. , MBM,LLC , MLS, GSI.PTM_SPS.1289.pdf.url,application/pdf
20240304092126.PTM_SPS.135.pdf.url,application/pdf
Account Access Form 8.24.2023.PTM_SPS.176.pdf.url,application/pdf
New Account Access Form 2023.PTM_SPS.272.pdf.url,application/pdf
Account Access Form_Jaime Wolfe_(7.24.2023).PTM_SPS.256.pdf.url,application/pdf
fax-08-06-2024-01-10-20PM.PTM_SPS.42.pdf.url,application/pdf
Account Access Form CMS - Bella.PTM_SPS.401.pdf.url,application/pdf
Account Access Form_ATHENA 3.7.23.PTM_SPS.235.pdf.url,application/pdf
Seniors United Agreement.PTM_SPS.1048.pdf.url,application/pdf
CCE_000234.PTM_SPS.331.pdf.url,application/pdf
Scanned from a Xerox Multifunction Printer (1).PTM_SPS.61.pdf.url,application/pdf
Test5.PTM_SPS.11.docx.url,application/vnd.openxmlformats-officedocument.wordprocessingml.document
IronShore Contracting Proposal of Services- CredentialCheck.PTM_SPS.3175.pdf.url,application/pdf
Adendum C_Credit Reports_2.8.2023.PTM_SPS.1552.pdf.url,application/pdf
Account Access Form_2023_BLANK.PTM_SPS.384.pdf.url,application/pdf
Credential Check Account Access Form Anna Bergeson.PTM_SPS.422.pdf.url,application/pdf
Credential Check Account Access Form_2023_E.Cole 6.18.2024.PTM_SPS.402.pdf.url,application/pdf
20240822170825825.PTM_SPS.738.pdf.url,application/pdf
Account Access Form_2023_ANDREW.PTM_SPS.525.pdf.url,application/pdf
Account Access Form - Inspired Options Inc..PTM_SPS.331.pdf.url,application/pdf
Account Access Form (2).PTM_SPS.480.pdf.url,application/pdf
JA, Strasburg.PTM_SPS.134.pdf.url,application/pdf
Mendon, April 2023.PTM_SPS.139.pdf.url,application/pdf
Exodus Place Agreement.PTM_SPS.378.pdf.url,application/pdf
20230913122014288.PTM_SPS.486.pdf.url,application/pdf
Account Access Form_2024_BLANK.PTM_SPS.409.pdf.url,application/pdf
Adverse Action Addendum_SignedBR.PTM_SPS.855.pdf.url,application/pdf
IMG_4744.PTM_SPS.3837.jpg.url,image/jpeg
Credential Check Users to Remove.PTM_SPS.300.pdf.url,application/pdf
CredentialCheck Proposal of Services - Okanagan Specialty Fruits Inc..PTM_SPS.307.pdf.url,application/pdf
Form to add user.PTM_SPS.84.pdf.url,application/pdf
Credential Check User Request.PTM_SPS.86.pdf.url,application/pdf
doc06349620230427132608.PTM_SPS.227.pdf.url,application/pdf
Account Access Form_2023_BLANK.PTM_SPS.383.pdf.url,application/pdf
New Account Access Form 2023.PTM_SPS.427.pdf.url,application/pdf
CredentialCheck Proposal of Services- Pinnacle MEP Holdings.PTM_SPS.1108.pdf.url,application/pdf
Credential Check Add Sheri A 2023.PTM_SPS.362.pdf.url,application/pdf
Notification of a Change of Contact January 2024 Magni.PTM_SPS.264.pdf.url,application/pdf
Credential Check Addendum for Credit Check_Annual Reviews.PTM_SPS.704.pdf.url,application/pdf
SKM_C360i23092012500.PTM_SPS.105.pdf.url,application/pdf
Liggins, Cort_GKN Account Access.PTM_SPS.218.pdf.url,application/pdf
regencyassistedliving1@gmail.com_20240807_091629.PTM_SPS.58.pdf.url,application/pdf
Artae Davis Crim-Damaged Dismissed.PTM_SPS.398.pdf.url,application/pdf
New Account Access Form 2023 - Pathways to Housing DC.PTM_SPS.380.pdf.url,application/pdf
UTI Background Check Vendor RFP Request - Signed.PTM_SPS.2025.pdf.url,application/pdf
20230921092650398.PTM_SPS.81.pdf.url,application/pdf
Account Access Form_2023_JDitmarsch.PTM_SPS.386.pdf.url,application/pdf
2023.09.18 Authorized User Access - Credential Check New User Set-up.PTM_SPS.271.pdf.url,application/pdf
20230906141210.PTM_SPS.108.pdf.url,application/pdf
Loyal Borrower Corporation Proposal.PTM_SPS.203.pdf.url,application/pdf
SiteMatchTemplate Pinnacle MEP.PTM_SPS.56.xlsx.url,application/vnd.openxmlformats-officedocument.spreadsheetml.sheet
Letterhead for Credential Check.PTM_SPS.67.pdf.url,application/pdf
Authorized User 8-24-23.PTM_SPS.230.pdf.url,application/pdf
2024.05.07 Authorized User Account Access Form.PTM_SPS.353.pdf.url,application/pdf
fax-01-04-2024-03-20-10PM.PTM_SPS.37.pdf.url,application/pdf
CredentialCheck_Proposal_of_Services.PTM_SPS.1146.pdf.url,application/pdf
0759_001.PTM_SPS.97.pdf.url,application/pdf
Account Access Form_2023_BLANK Katie Young.PTM_SPS.440.pdf.url,application/pdf
CredentialCheckAccountAccessUpdate.PTM_SPS.373.pdf.url,application/pdf
image.PTM_SPS.50.png.url,image/png
Signed.PTM_SPS.260.pdf.url,application/pdf
CREDENTIAL CHECK NEW USER.PTM_SPS.366.pdf.url,application/pdf
Credential Check Authorization Change.PTM_SPS.210.doc.url,application/msword
Access CC   20240109_11271878.PTM_SPS.211.pdf.url,application/pdf
20230317092501.PTM_SPS.100.pdf.url,application/pdf
Social Media request.PTM_SPS.1248.pdf.url,application/pdf
doc06659820230728090916.PTM_SPS.227.pdf.url,application/pdf
Account Access Form_08082024.PTM_SPS.368.pdf.url,application/pdf
101-102481_CA Permissable Purpose - 2024.html,text/html
CredentialCheck Proposal of Service - Okanagan Specialty Fruit.PTM_SPS.1141.pdf.url,application/pdf
New Account Access Form 2023.PTM_SPS.241.pdf.url,application/pdf
addendum credential ck06282023.PTM_SPS.780.pdf.url,application/pdf
CC Access 23 DS 20230906_13234685.PTM_SPS.40.pdf.url,application/pdf
Account Access Form 1.8.24.PTM_SPS.386.pdf.url,application/pdf
CredentialCheck Proposal of Service - AmCap Mortgage.PTM_SPS.726.pdf.url,application/pdf
Account Access Form_2023_Lisa.PTM_SPS.545.pdf.url,application/pdf
Add Kelsey Account Access Form (1) (1).PTM_SPS.386.pdf.url,application/pdf
2023.11.27 Authorized User Account Access Form.PTM_SPS.391.pdf.url,application/pdf
Credential Check Access Form - Alexis Darga.PTM_SPS.425.pdf.url,application/pdf
SKM_C450i23063016430.PTM_SPS.75.pdf.url,application/pdf
Image.PTM_SPS.6308.jpeg.url,image/jpeg
Taco Bell Corporate_CCC_CRCK_JobApp_NewLocation_20240124.PTM_SPS.89.xls.url,application/vnd.ms-excel
Boundless Operations LLC-Scooters Coffee Corporate_CCC_CRCK_JobApp_NewLocation_20240221.PTM_SPS.78.xls.url,application/vnd.ms-excel
IAC arlington access form.PTM_SPS.171.pdf.url,application/pdf
Credential Account Access Form 6-10-24.PTM_SPS.86.pdf.url,application/pdf
Signed Credit Report Form.PTM_SPS.490.pdf.url,application/pdf
New Addendum_C Credit addendum. 2023pdf.PTM_SPS.780.pdf.url,application/pdf
CredentialCheck Proposal of Service - Okanagan Specialty Fruit.PTM_SPS.1141.pdf.url,application/pdf
Letter to remove Warden from account.PTM_SPS.39.pdf.url,application/pdf
Account Access Form_2023 - Dani.PTM_SPS.387.pdf.url,application/pdf
Please_DocuSign_CredentialCheck_Proposal_of_ (58).PTM_SPS.1380.pdf.url,application/pdf
101-109125_Random Drug Screen Addendum - 2023.pdf,application/pdf
Account Access FOrm.PTM_SPS.62.pdf.url,application/pdf
Account Access Form 24.08.20.PTM_SPS.382.pdf.url,application/pdf
Account Access Form_IJ.PTM_SPS.242.pdf.url,application/pdf
Cred.Check.PTM_SPS.224.pdf.url,application/pdf
JFK Agreement- Completed no signature.PTM_SPS.1011.pdf.url,application/pdf
Scanned from a Xerox Multifunction Printer 230915 18_13_24.PTM_SPS.131.pdf.url,application/pdf
Credential Check Account User Changes - CBS Boring.PTM_SPS.104.pdf.url,application/pdf
20240102_150313.PTM_SPS.1919.jpg.url,image/jpeg
COVERSHEET SENIORS HELPING SENIORS.PTM_SPS.90.docx.url,application/vnd.openxmlformats-officedocument.wordprocessingml.document
Taco Bell Corporate_CCC_CRCK_JobApp_NewLocation_20240227 (1).PTM_SPS.89.xls.url,application/vnd.ms-excel
Account Access Form - Erica (1).PTM_SPS.401.pdf.url,application/pdf
101-109125_Random Pool Form - 2023.pdf,application/pdf
Account Access Form - Maria Greco (CCM).PTM_SPS.384.pdf.url,application/pdf
AuthorizedUserAccessMMAP.pdf,application/pdf
Account Access - Navarrete, Gabi.PTM_SPS.2463.jpg.url,image/jpeg
account access - judith costner and indioka johnson.PTM_SPS.658.pdf.url,application/pdf
Credential Check Form.PTM_SPS.47.pdf.url,application/pdf
CC_New Account Access Form 2023_TH.PTM_SPS.245.pdf.url,application/pdf
Cred Check Auth Access _edit.PTM_SPS.1343.pdf.url,application/pdf
Account Access Form.PTM_SPS.382.pdf.url,application/pdf
Credential Check Authorized User Account Change For Miller Canfield Paddock & Stone.PTM_SPS.1201.pdf.url,application/pdf
Agreement Coversheet LOYAL BORROWER CORP.PTM_SPS.88.docx.url,application/vnd.openxmlformats-officedocument.wordprocessingml.document
Account Access Form. Romulus.PTM_SPS.340.pdf.url,application/pdf
CredentialCheck Proposal of Services- The Kendall Group.PTM_SPS.3186.pdf.url,application/pdf
Account Access Form_2023_Mya Vargas.PTM_SPS.419.pdf.url,application/pdf
Credential Check - Authorization Form.PTM_SPS.142.pdf.url,application/pdf
C.C Account Access Form_BLANK.PTM_SPS.298.pdf.url,application/pdf
Niki Herre Credential Check Access Form.PTM_SPS.202.pdf.url,application/pdf
Please_DocuSign_CredentialCheck_Proposal_of_ (11).PTM_SPS.322.pdf.url,application/pdf
Account Access Form 2.PTM_SPS.380.pdf.url,application/pdf
attachement (3).PTM_SPS.1139.pdf.url,application/pdf
Credential Form.PTM_SPS.239.pdf.url,application/pdf
Credential Check account access.PTM_SPS.409.pdf.url,application/pdf
Account Access Form - Credential Check.PTM_SPS.355.pdf.url,application/pdf
Account Access Form - CredentialCheck.PTM_SPS.386.pdf.url,application/pdf
Credential Check Access Form Karynn.PTM_SPS.260.pdf.url,application/pdf
Yulissa Hernandez Credential Check Authorization Form.PTM_SPS.395.pdf.url,application/pdf
Account Access Form_2023_BLANK.PTM_SPS.368.pdf.url,application/pdf
Complete_with_Docusign_Addendum_to_external_.PTM_SPS.299.pdf.url,application/pdf
Account Access Form_2023_JSharp_gm.PTM_SPS.474.pdf.url,application/pdf
20230627133622597.PTM_SPS.463.pdf.url,application/pdf
1909_001.PTM_SPS.90.pdf.url,application/pdf
Account Access Form_2023_BLANK.PTM_SPS.379.pdf.url,application/pdf
Ltr - Credential Check - Change Account Holder - 1.8.PTM_SPS.125.pdf.url,application/pdf
_C.C Account Access Form_Beverly Elkin.PTM_SPS.247.pdf.url,application/pdf
Credential Check Change of Account Status.PTM_SPS.805.pdf.url,application/pdf
Credential Check Access for Linda Pine Signed.PTM_SPS.49.pdf.url,application/pdf
Credential Check agreement signed.PTM_SPS.61.pdf.url,application/pdf
Credential Check Account Access Form - add SP 12.12.23.PTM_SPS.419.pdf.url,application/pdf
CredentialCheck Proposal of Service - Math 4 Success.PTM_SPS.674.pptx.url,application/vnd.openxmlformats-officedocument.presentationml.presentation
gemma.mortenson_240201-105431-8f.PTM_SPS.273.pdf.url,application/pdf
Authorized User Access - E Gallington New Access.PTM_SPS.379.pdf.url,application/pdf
Account Access Form Erik Beals.PTM_SPS.364.pdf.url,application/pdf
Addendum D - Access to Employment Verifications-1.PTM_SPS.223.pdf.url,application/pdf
0469_231213111103_001.PTM_SPS.413.pdf.url,application/pdf
Account Access Form_2024_Doris Badillo.PTM_SPS.469.pdf.url,application/pdf
Credential Check Account Access Form 4.2024.PTM_SPS.249.pdf.url,application/pdf
AmeriCare Medical Inc..PTM_SPS.247.pdf.url,application/pdf
scan3498.PTM_SPS.722.pdf.url,application/pdf
Account Access Form 2023.PTM_SPS.224.pdf.url,application/pdf
Amanda O' Brien - Credential Check  Authorization Request - 03-09-2023.PTM_SPS.360.pdf.url,application/pdf
M. Hall Credential Check.PTM_SPS.457.pdf.url,application/pdf
CredentialCheck Proposal of Services for Yeo & Yeo.PTM_SPS.1454.pdf.url,application/pdf
SB-Credential Check Report.PTM_SPS.380.pdf.url,application/pdf
New Addendum_C Credit addendum. 2023pdf.PTM_SPS.780.pdf.url,application/pdf
Account Access Form_The Arc of Frederick County.PTM_SPS.200.pdf.url,application/pdf
202405161637.PTM_SPS.2336.pdf.url,application/pdf
Account Access.PTM_SPS.406.pdf.url,application/pdf
New Account Access Form 2023 (1).PTM_SPS.250.pdf.url,application/pdf
240209372946722.PTM_SPS.31.pdf.url,application/pdf
Account Access Form for Nick Enriquez.PTM_SPS.379.pdf.url,application/pdf
Account Access Form_2023_BLANK.PTM_SPS.377.pdf.url,application/pdf
20240117085134653.PTM_SPS.505.pdf.url,application/pdf
Credential Check account update.PTM_SPS.98.pdf.url,application/pdf
Credential Check Access Form.PTM_SPS.383.pdf.url,application/pdf
CREDENTIAL CHECK.PTM_SPS.167.pdf.url,application/pdf
88a7419c-51ce-42d1-9460-d09576fe4797.PTM_SPS.1355.pdf.url,application/pdf
Credential Check User Form Update.PTM_SPS.384.pdf.url,application/pdf
Credential Check.PTM_SPS.108.pdf.url,application/pdf
Anniston Add.PTM_SPS.142.pdf.url,application/pdf
New Account Access Form 2023 (07-19-2023).PTM_SPS.250.pdf.url,application/pdf
MCCH Adverse Action Addendum.PTM_SPS.419.pdf.url,application/pdf
Authorized User Access - Term T Green.PTM_SPS.381.pdf.url,application/pdf
Credential Check - Account Access Form - 5.8.2023.PTM_SPS.343.pdf.url,application/pdf
Please_DocuSign_CredentialCheck_Proposal_of_ (88).PTM_SPS.1015.pdf.url,application/pdf
Please_DocuSign_CredentialCheck_Proposal TEC International.PTM_SPS.942.pdf.url,application/pdf
IRS letter of determination MCCH.PTM_SPS.2388.pdf.url,application/pdf
Account Access Form - signed.PTM_SPS.402.pdf.url,application/pdf
Cuevas_LogSnapshot.PNG,image/png
Account Access Form_2023_BLANK (1).PTM_SPS.294.pdf.url,application/pdf
Account Access Form UPDATED.PTM_SPS.237.pdf.url,application/pdf
Account Access Form (1).PTM_SPS.368.pdf.url,application/pdf
Credential Check - Account Access Form.PTM_SPS.408.pdf.url,application/pdf
Taco Bell Corporate_CCC_CRCK_JobApp_NewLocation_20240618.PTM_SPS.89.xls.url,application/vnd.ms-excel
Credential Check - Account Access Form.PTM_SPS.385.pdf.url,application/pdf
Account Access Form_add Rose Gharibyan.PTM_SPS.381.pdf.url,application/pdf
New Account Access Form 2023 (1) (1).PTM_SPS.257.pdf.url,application/pdf
Account Access Form_Avery Simpson.PTM_SPS.229.pdf.url,application/pdf
DeSimone access form.PTM_SPS.526.pdf.url,application/pdf
Test 4.PTM_SPS.11.docx.url,application/vnd.openxmlformats-officedocument.wordprocessingml.document
Account Access Form_6.14.24 signed AD.PTM_SPS.379.pdf.url,application/pdf
20230424155548291.PTM_SPS.102.pdf.url,application/pdf
Account Access Form for ACG.PTM_SPS.380.pdf.url,application/pdf
Account Access Form_BLANK.PTM_SPS.205.pdf.url,application/pdf
Account Access Form 2023.PTM_SPS.254.pdf.url,application/pdf
SKM_C45823092912280.PTM_SPS.111.pdf.url,application/pdf
Access form - Rachel Ridley - Nov 2023.PTM_SPS.100.pdf.url,application/pdf
CredentialCheck Submission Morley Background Screening RFI.PTM_SPS.5864.pdf.url,application/pdf
[Untitled] (1).PTM_SPS.303.pdf.url,application/pdf
Account Access Form Tom A. Add 4.2.2024.PTM_SPS.249.pdf.url,application/pdf
Account Access Form_Credential Check_062123.PTM_SPS.404.pdf.url,application/pdf
TENURE W9.PTM_SPS.61.pdf,application/pdf
Refund GKN Germantown.PTM_SPS.101.pdf,application/pdf
Application%20for%20Employment.PTM_SPS.31.pdf,application/pdf
Toner Quote 2010.PTM_SPS.6.pdf,application/pdf
SurveyGTech.PTM_SPS.45.docx,application/vnd.openxmlformats-officedocument.wordprocessingml.document
OnsiteInspection_WirelessGiant.PTM_SPS.161,application/octet-stream
RE Welcome to Credential Check Corporation - JK Bowers Enterprises CCC02110713.PTM_SPS.60.msg,application/vnd.ms-outlook
OrchidIsland_Onsite inspection.PTM_SPS.233.pdf,application/pdf
Panera Onsite Inspection.PTM_SPS.230.pdf,application/pdf
Ann Arbor Dist. Library Onsite Inspection.PTM_SPS.198.pdf,application/pdf
Windstream_Corporation_RevChain_W9_2015.PTM_SPS.201.pdf,application/pdf
RE APPOL 2.0.PTM_SPS.73.msg,application/vnd.ms-outlook
Onsite Inspection_Sebold.PTM_SPS.217.pdf,application/pdf
20141014190421400.PTM_SPS.71.pdf,application/pdf
Techworld onsite inspection.PTM_SPS.167.pdf,application/pdf
K.Comfort.PTM_SPS.227.pdf.url,application/pdf
Cred Check Access request.PTM_SPS.467.pdf.url,application/pdf
Diag - Account Access Form.PTM_SPS.415.pdf.url,application/pdf
Signed Form - Credential Check.PTM_SPS.437.pdf.url,application/pdf
Please_DocuSign_CredentialCheck_Proposal_of_ (7).PTM_SPS.1087.pdf.url,application/pdf
Please_DocuSign_CredentialCheck_Proposal_of_ (69).PTM_SPS.1144.pdf.url,application/pdf
Oilgear Background and Driver History Check Disclosure and Authorization Forms.PTM_SPS.26.docx.url,application/vnd.openxmlformats-officedocument.wordprocessingml.document
Account Access Form_2023_ Brett Manzara.PTM_SPS.486.pdf.url,application/pdf
20230906095135.PTM_SPS.47.pdf.url,application/pdf
scanner@mcch.net_20230224_134117.PTM_SPS.278.pdf.url,application/pdf
COVERSHEET EXODUS.PTM_SPS.155.docx.url,application/vnd.openxmlformats-officedocument.wordprocessingml.document
Account Access Form Jennifer Foskett.PTM_SPS.379.pdf.url,application/pdf
Adverse Action Addemdum.PTM_SPS.384.pdf.url,application/pdf
doc09393320230426091821.PTM_SPS.98.pdf.url,application/pdf
Authorized User Access - M Hall New Access.PTM_SPS.378.pdf.url,application/pdf
Account Access Form_2023_Jennifer Caldwell.PTM_SPS.455.pdf.url,application/pdf
CRCK_17295_CQSolutions_Inc_dbaCQS (1).pdf,application/pdf
New Account Access Form- Credential Check- L.Delapaz.PTM_SPS.331.pdf.url,application/pdf
Account Access Form_2023_PipelinePlastics.PTM_SPS.411.pdf.url,application/pdf
Account Access Form.PTM_SPS.379.pdf.url,application/pdf
Account Access Form_2023_C Taubert.PTM_SPS.369.pdf.url,application/pdf
Integrated Design Solutions Agreement 2024.PTM_SPS.569.pdf.url,application/pdf
Letter and Account Access Form 12 29 2023.PTM_SPS.721.pdf.url,application/pdf
Account Access Form.PTM_SPS.99.pdf.url,application/pdf
Credential Check Account Access Signed Form - Cota (2024).PTM_SPS.461.pdf.url,application/pdf
Account Access Form - Bella.PTM_SPS.405.pdf.url,application/pdf
2021 IRS Exempt affirmation letter- The Kennedy Center.PTM_SPS.86.pdf.url,application/pdf
Please_DocuSign_CredentialCheck_Proposal_of_ (56).PTM_SPS.1154.pdf.url,application/pdf
Credential Check Use Access Updates 2.6.2024.PTM_SPS.419.pdf.url,application/pdf
Authorized User Access - G Harris.PTM_SPS.1014.pdf.url,application/pdf
Addendum D - Access to Employment Verifications.PTM_SPS.811.pdf.url,application/pdf
CREDENTIAL CHECK USER AUTH 04.24.2024.PTM_SPS.363.pdf.url,application/pdf
Authorized User Access - K Kefalas New Access.PTM_SPS.378.pdf.url,application/pdf
New Account Access Form 2023 - UES.PTM_SPS.243.pdf.url,application/pdf
Account Access Form - Litonya & Jessica - 2023.05.10.PTM_SPS.335.pdf.url,application/pdf
CRCK_13414_WalkerElectric_IncGLSTC.pdf,application/pdf
Summary of FCRA Rights (from FTC).PTM_SPS.38.pdf.url,application/pdf
Cred Ck Signed Acct Access 06242024.PTM_SPS.477.pdf.url,application/pdf
SB-Maryland Case Search Report.PTM_SPS.84.pdf.url,application/pdf
Credential Check Notice.PTM_SPS.524.pdf.url,application/pdf
Account Access Form_EA_2024.PTM_SPS.373.pdf.url,application/pdf
Account Access Form - Brianna Punchak (CCM)(Signed).PTM_SPS.384.pdf.url,application/pdf
2024.07.24 Authorized User Account Access.PTM_SPS.392.pdf.url,application/pdf
Update Credential Check Authorized User.PTM_SPS.322.pdf.url,application/pdf
3464_001.PTM_SPS.91.pdf.url,application/pdf
AuthorizedUserAccessForm12.16.PTM_SPS.511.pdf.url,application/pdf
Please_DocuSign_CredentialCheck_Proposal_of_ (15).PTM_SPS.973.pdf.url,application/pdf
Account Access Form_2023_Rushel.PTM_SPS.416.pdf.url,application/pdf
Please_DocuSign_CredentialCheck_Proposal_of_ (71).PTM_SPS.1404.pdf.url,application/pdf
244f8def-d9cf-431e-9145-5f06d4783fc0.PTM_SPS.945.png.url,image/png
Account Access Form_2023_Vicki Tep.PTM_SPS.456.pdf.url,application/pdf
Adverse Action Addendum 2023.PTM_SPS.125.pdf.url,application/pdf
Account Access Form_2023_Rosalez.PTM_SPS.429.pdf.url,application/pdf
BRW5413793E5F10_181666.PTM_SPS.219.pdf.url,application/pdf
Tax Exemption Certificate - 2022-2027.PTM_SPS.322.pdf.url,application/pdf
M.D. CC Authorization.PTM_SPS.363.pdf.url,application/pdf
Credential Check_Account Access Form_2023_C Harrison.PTM_SPS.416.pdf.url,application/pdf
SME Proposal.PTM_SPS.2396.pdf.url,application/pdf
fax-06-10-2024-12-14-42PM.PTM_SPS.42.pdf.url,application/pdf
CC Authorization_Padayachee_M.PTM_SPS.1135.pdf.url,application/pdf
M McMiller Credetial Check Authorization.PTM_SPS.290.pdf.url,application/pdf
New Account Access Form 2023.PTM_SPS.235.pdf.url,application/pdf
EHP Account Access Form for Credentialcheck.PTM_SPS.422.pdf.url,application/pdf
attachement (4).PTM_SPS.1139.pdf.url,application/pdf
Sample Letter - 2024.docx,application/vnd.openxmlformats-officedocument.wordprocessingml.document
New Account Access Form 2023.PTM_SPS.289.pdf.url,application/pdf
B Parker Credential Check Authorization.PTM_SPS.292.pdf.url,application/pdf
Account Access Form_2023.PTM_SPS.306.pdf.url,application/pdf
User Acess update 05_2023.PTM_SPS.337.pdf.url,application/pdf